Feature,Importance
Country,0.7233871193229465
YearsCodePro,0.18976731129999286
DevType,0.027932209538808213
OrgSize,0.022786934388700025
EdLevel,0.0200010442868693
RemoteWork,0.01612538116268289
